{"count":1,"self":56.407187199999996,"total":57.292682799999994,"children":{"InitializeActuators":{"count":2,"self":0.0065680999999999995,"total":0.0065680999999999995,"children":null},"InitializeSensors":{"count":2,"self":0.0035334999999999997,"total":0.0035334999999999997,"children":null},"AgentSendState":{"count":2484,"self":0.043673199999999995,"total":0.0948227,"children":{"CollectObservations":{"count":249,"self":0.0054151999999999994,"total":0.0054151999999999994,"children":null},"WriteActionMask":{"count":249,"self":0.0019981,"total":0.0019981,"children":null},"RequestDecision":{"count":249,"self":0.043736199999999996,"total":0.043736199999999996,"children":null}}},"DecideAction":{"count":2484,"self":0.75234159999999994,"total":0.75234159999999994,"children":null},"AgentAct":{"count":2484,"self":0.0262189,"total":0.0262189,"children":null}},"gauges":{"JumperAgent2.CumulativeReward":{"count":5,"max":-0.9,"min":-11.5699978,"runningAverage":-4.715999,"value":-1.9,"weightedAverage":-5.606992}},"metadata":{"timer_format_version":"0.1.0","start_time_seconds":"1681470645","unity_version":"2021.3.18f1","command_line_arguments":"C:\\Program Files\\Unity\\Hub\\Editor\\2021.3.18f1\\Editor\\Unity.exe -projectpath C:\\Users\\saulb\\Desktop\\2ITSOF1\\sem2\\VR Experience\\mlagent3\\mlagent3 -useHub -hubIPC -cloudEnvironment production -licensingIpc LicenseClient-saulb -hubSessionId 67751c10-dab4-11ed-8227-ab4f32c31fb0 -accessToken Wh0VV4Fp79DizE14CCi2nz-hpi5YkaedB6o6JtJym0M001f","communication_protocol_version":"1.5.0","com.unity.ml-agents_version":"2.0.1","scene_name":"SampleScene","end_time_seconds":"1681470702"}}